registrant_id,company_size,job_function,channel,registered_date,attended,watch_minutes,satisfaction,demo_interest,memo
W001,100명 미만,운영,영업 추천,2026-11-01,N,0,,,
W002,100명 미만,마케팅,뉴스레터,2026-10-21,Y,50,4,Y,
W003,100명 미만,기획,뉴스레터,2026-11-06,Y,45,3,N,
W004,100명 미만,기획,뉴스레터,2026-11-01,N,0,,,
W005,300~999명,영업,링크드인,2026-10-24,Y,52,3,N,
W006,100~299명,인사,뉴스레터,2026-11-09,N,0,,,
W007,100~299명,마케팅,뉴스레터,2026-11-08,N,0,,,
W008,1000명 이상,인사,검색 광고,2026-11-03,N,0,,,사례 발표 기대
W009,100~299명,운영,링크드인,2026-11-11,N,0,,,
W010,300~999명,영업,영업 추천,2026-11-17,Y,39,2,N,
W011,300~999명,기획,뉴스레터,2026-10-25,N,0,,,질문 미리 보냄
W011,300~999명,기획,뉴스레터,2026-10-25,N,0,,,질문 미리 보냄
W012,300~999명,인사,검색 광고,2026-11-10,Y,22,5,N,녹화본 요청
W013,100명 미만,운영,검색 광고,2026-11-03,N,0,,,사례 발표 기대
W014,100명 미만,IT,검색 광고,2026-10-22,N,0,,,사례 발표 기대
W015,300~999명,운영,검색 광고,2026-11-01,N,0,,,질문 미리 보냄
W016,300~999명,기획,영업 추천,2026-10-23,Y,49,3,Y,
W017,1000명 이상,운영,검색 광고,2026-11-16,N,0,,,
W018,100~299명,마케팅,검색 광고,2026-10-28,N,0,,,
W019,1000명 이상,기획,영업 추천,2026-10-31,Y,35,,N,
W020,1000명 이상,영업,뉴스레터,2026-10-27,Y,60,4,Y,
W021,300~999명,기획,영업 추천,2026-10-24,Y,44,5,N,
W022,1000명 이상,마케팅,뉴스레터,2026-11-16,N,0,,,
W023,100명 미만,기획,검색 광고,2026-11-09,Y,43,3,Y,질문 미리 보냄
W024,100~299명,영업,링크드인,2026-11-08,Y,21,3,Y,
W025,100~299명,영업,영업 추천,2026-10-22,Y,50,7,Y,
W026,300~999명,마케팅,링크드인,2026-10-31,N,0,,,
W027,1000명 이상,마케팅,뉴스레터,2026-11-23,N,0,,,사례 발표 기대
W028,1000명 이상,IT,뉴스레터,2026-11-12,Y,39,2,N,
W029,100명 미만,영업,뉴스레터,2026-11-05,Y,41,4,N,사례 발표 기대
W030,300~999명,기획,,2026-10-28,N,0,,,녹화본 요청
W031,300~999명,IT,링크드인,2026-11-13,N,0,,,
W032,1000명 이상,IT,링크드인,2026-11-15,N,0,,,
W033,100명 미만,운영,링크드인,2026-10-31,Y,95,4,N,사례 발표 기대
W034,300~999명,마케팅,검색 광고,2026-11-11,N,0,,,녹화본 요청
W035,300~999명,기획,영업 추천,2026-10-23,Y,32,5,Y,질문 미리 보냄
W036,300~999명,IT,뉴스레터,2026-11-09,N,0,,,
W037,100~299명,마케팅,뉴스레터,2026-11-14,N,42,4,,
W038,100명 미만,IT,검색 광고,2026-10-30,N,0,,,
W039,100~299명,기획,검색 광고,2026-10-22,N,0,,,
W040,1000명 이상,IT,뉴스레터,2026-11-17,Y,47,2,Y,녹화본 요청
W041,100명 미만,운영,링크드인,2026-10-24,N,0,,,
W042,100~299명,기획,링크드인,2026-11-16,N,0,,,
W043,300~999명,영업,영업 추천,2026-11-05,Y,33,5,N,
W044,1000명 이상,영업,링크드인,2026-11-12,Y,40,5,N,도입 상담 원함. 010-2345-6789로 연락 요망
W045,1000명 이상,기획,링크드인,2026-10-20,N,0,,,
W046,100~299명,기획,뉴스레터,2026-10-24,N,0,,,질문 미리 보냄
W047,1000명 이상,운영,뉴스레터,2026-10-30,N,0,,,
